INSERT INTO test (id, name, description, subject_id, active) VALUES (3, 'Test #3', 'Descripción del test 3', 5, TRUE);
INSERT INTO test_subject (id, test_id, subject_id) VALUES (3, 3, 5);
INSERT INTO test (id, name, description, subject_id, active) VALUES (4, 'Test #4', 'Descripción del test 4', 5, TRUE);
INSERT INTO test_subject (id, test_id, subject_id) VALUES (4, 4, 5);
INSERT INTO test (id, name, description, subject_id, active) VALUES (5, 'Test #5', 'Descripción del test 5', 2, TRUE);
INSERT INTO test_subject (id, test_id, subject_id) VALUES (5, 5, 2);
INSERT INTO test (id, name, description, subject_id, active) VALUES (6, 'Test #6', 'Descripción del test 6', 3, TRUE);
INSERT INTO test_subject (id, test_id, subject_id) VALUES (6, 6, 3);
INSERT INTO test (id, name, description, subject_id, active) VALUES (7, 'Test #7', 'Descripción del test 7', 1, TRUE);
INSERT INTO test_subject (id, test_id, subject_id) VALUES (7, 7, 1);
INSERT INTO test (id, name, description, subject_id, active) VALUES (8, 'Test #8', 'Descripción del test 8', 5, TRUE);
INSERT INTO test_subject (id, test_id, subject_id) VALUES (8, 8, 5);
INSERT INTO test (id, name, description, subject_id, active) VALUES (9, 'Test #9', 'Descripción del test 9', 3, TRUE);
INSERT INTO test_subject (id, test_id, subject_id) VALUES (9, 9, 3);
INSERT INTO test (id, name, description, subject_id, active) VALUES (10, 'Test #10', 'Descripción del test 10', 2, TRUE);
INSERT INTO test_subject (id, test_id, subject_id) VALUES (10, 10, 2);
INSERT INTO test (id, name, description, subject_id, active) VALUES (11, 'Test #11', 'Descripción del test 11', 4, TRUE);
INSERT INTO test_subject (id, test_id, subject_id) VALUES (11, 11, 4);
INSERT INTO test (id, name, description, subject_id, active) VALUES (12, 'Test #12', 'Descripción del test 12', 4, TRUE);
INSERT INTO test_subject (id, test_id, subject_id) VALUES (12, 12, 4);
INSERT INTO test (id, name, description, subject_id, active) VALUES (13, 'Test #13', 'Descripción del test 13', 1, TRUE);
INSERT INTO test_subject (id, test_id, subject_id) VALUES (13, 13, 1);
INSERT INTO test (id, name, description, subject_id, active) VALUES (14, 'Test #14', 'Descripción del test 14', 1, TRUE);
INSERT INTO test_subject (id, test_id, subject_id) VALUES (14, 14, 1);
INSERT INTO test (id, name, description, subject_id, active) VALUES (15, 'Test #15', 'Descripción del test 15', 5, TRUE);
INSERT INTO test_subject (id, test_id, subject_id) VALUES (15, 15, 5);
INSERT INTO test (id, name, description, subject_id, active) VALUES (16, 'Test #16', 'Descripción del test 16', 4, TRUE);
INSERT INTO test_subject (id, test_id, subject_id) VALUES (16, 16, 4);
INSERT INTO test (id, name, description, subject_id, active) VALUES (17, 'Test #17', 'Descripción del test 17', 5, TRUE);
INSERT INTO test_subject (id, test_id, subject_id) VALUES (17, 17, 5);
INSERT INTO test (id, name, description, subject_id, active) VALUES (18, 'Test #18', 'Descripción del test 18', 3, TRUE);
INSERT INTO test_subject (id, test_id, subject_id) VALUES (18, 18, 3);
INSERT INTO test (id, name, description, subject_id, active) VALUES (19, 'Test #19', 'Descripción del test 19', 1, TRUE);
INSERT INTO test_subject (id, test_id, subject_id) VALUES (19, 19, 1);
INSERT INTO test (id, name, description, subject_id, active) VALUES (20, 'Test #20', 'Descripción del test 20', 5, TRUE);
INSERT INTO test_subject (id, test_id, subject_id) VALUES (20, 20, 5);
INSERT INTO test (id, name, description, subject_id, active) VALUES (21, 'Test #21', 'Descripción del test 21', 3, TRUE);
INSERT INTO test_subject (id, test_id, subject_id) VALUES (21, 21, 3);
INSERT INTO test (id, name, description, subject_id, active) VALUES (22, 'Test #22', 'Descripción del test 22', 2, TRUE);
INSERT INTO test_subject (id, test_id, subject_id) VALUES (22, 22, 2);
INSERT INTO question (id, type, description, question_order, answer, test_id, active) VALUES (3, 'FREETEXT', 'Pregunta de tipo freetext para el test 3', 1, 'Neque laudantium provident dolor eaque aliquam.', 3, TRUE);
INSERT INTO question (id, type, description, question_order, answer, test_id, active) VALUES (4, 'FREETEXT', 'Pregunta de tipo freetext para el test 3', 1, 'Expedita enim ab aperiam.', 3, TRUE);
INSERT INTO question (id, type, description, question_order, answer, test_id, active) VALUES (5, 'CODE', 'Pregunta de tipo code para el test 3', 1, 'Perspiciatis voluptas id ullam iste excepturi.', 3, TRUE);
INSERT INTO question (id, type, description, question_order, answer, test_id, active) VALUES (6, 'CODE', 'Pregunta de tipo code para el test 4', 1, 'Non assumenda eum modi.', 4, TRUE);
INSERT INTO question (id, type, description, question_order, answer, test_id, active) VALUES (7, 'MONOSELECTION', 'Pregunta de tipo monoselection para el test 4', 1, 'Ducimus minima deleniti aspernatur sit exercitationem.', 4, TRUE);
INSERT INTO response (id, description, response_order, question_id, active) VALUES (5, 'Opción 1 de pregunta 7', 1, 7, TRUE);
INSERT INTO response (id, description, response_order, question_id, active) VALUES (6, 'Opción 2 de pregunta 7', 2, 7, TRUE);
INSERT INTO response (id, description, response_order, question_id, active) VALUES (7, 'Opción 3 de pregunta 7', 3, 7, TRUE);
INSERT INTO question (id, type, description, question_order, answer, test_id, active) VALUES (8, 'CODE', 'Pregunta de tipo code para el test 4', 1, 'Dolorum quas error maxime harum.', 4, TRUE);
INSERT INTO question (id, type, description, question_order, answer, test_id, active) VALUES (9, 'MONOSELECTION', 'Pregunta de tipo monoselection para el test 5', 1, 'Exercitationem quae aliquid vel asperiores itaque quam.', 5, TRUE);
INSERT INTO response (id, description, response_order, question_id, active) VALUES (8, 'Opción 1 de pregunta 9', 1, 9, TRUE);
INSERT INTO response (id, description, response_order, question_id, active) VALUES (9, 'Opción 2 de pregunta 9', 2, 9, TRUE);
INSERT INTO response (id, description, response_order, question_id, active) VALUES (10, 'Opción 3 de pregunta 9', 3, 9, TRUE);
INSERT INTO question (id, type, description, question_order, answer, test_id, active) VALUES (10, 'MONOSELECTION', 'Pregunta de tipo monoselection para el test 5', 1, 'Totam impedit laudantium.', 5, TRUE);
INSERT INTO response (id, description, response_order, question_id, active) VALUES (11, 'Opción 1 de pregunta 10', 1, 10, TRUE);
INSERT INTO response (id, description, response_order, question_id, active) VALUES (12, 'Opción 2 de pregunta 10', 2, 10, TRUE);
INSERT INTO response (id, description, response_order, question_id, active) VALUES (13, 'Opción 3 de pregunta 10', 3, 10, TRUE);
INSERT INTO question (id, type, description, question_order, answer, test_id, active) VALUES (11, 'FREETEXT', 'Pregunta de tipo freetext para el test 5', 1, 'Blanditiis aspernatur atque quisquam impedit ullam.', 5, TRUE);
INSERT INTO question (id, type, description, question_order, answer, test_id, active) VALUES (12, 'FREETEXT', 'Pregunta de tipo freetext para el test 6', 1, 'Nostrum repellendus nam suscipit hic vero.', 6, TRUE);
INSERT INTO question (id, type, description, question_order, answer, test_id, active) VALUES (13, 'FREETEXT', 'Pregunta de tipo freetext para el test 6', 1, 'Laudantium consectetur sit vel eum.', 6, TRUE);
INSERT INTO question (id, type, description, question_order, answer, test_id, active) VALUES (14, 'MONOSELECTION', 'Pregunta de tipo monoselection para el test 6', 1, 'Autem tempore nostrum ratione quae quod.', 6, TRUE);
INSERT INTO response (id, description, response_order, question_id, active) VALUES (14, 'Opción 1 de pregunta 14', 1, 14, TRUE);
INSERT INTO response (id, description, response_order, question_id, active) VALUES (15, 'Opción 2 de pregunta 14', 2, 14, TRUE);
INSERT INTO response (id, description, response_order, question_id, active) VALUES (16, 'Opción 3 de pregunta 14', 3, 14, TRUE);
INSERT INTO question (id, type, description, question_order, answer, test_id, active) VALUES (15, 'FREETEXT', 'Pregunta de tipo freetext para el test 7', 1, 'Non modi ea doloremque blanditiis quos atque.', 7, TRUE);
INSERT INTO question (id, type, description, question_order, answer, test_id, active) VALUES (16, 'FREETEXT', 'Pregunta de tipo freetext para el test 7', 1, 'Dolorum eligendi quasi optio quia maiores.', 7, TRUE);
INSERT INTO question (id, type, description, question_order, answer, test_id, active) VALUES (17, 'CODE', 'Pregunta de tipo code para el test 7', 1, 'Commodi officia blanditiis.', 7, TRUE);
INSERT INTO question (id, type, description, question_order, answer, test_id, active) VALUES (18, 'MONOSELECTION', 'Pregunta de tipo monoselection para el test 8', 1, 'Facere perferendis provident optio dolore rerum dolores.', 8, TRUE);
INSERT INTO response (id, description, response_order, question_id, active) VALUES (17, 'Opción 1 de pregunta 18', 1, 18, TRUE);
INSERT INTO response (id, description, response_order, question_id, active) VALUES (18, 'Opción 2 de pregunta 18', 2, 18, TRUE);
INSERT INTO response (id, description, response_order, question_id, active) VALUES (19, 'Opción 3 de pregunta 18', 3, 18, TRUE);
INSERT INTO question (id, type, description, question_order, answer, test_id, active) VALUES (19, 'MONOSELECTION', 'Pregunta de tipo monoselection para el test 8', 1, 'Esse eveniet fuga laboriosam neque consequatur accusamus.', 8, TRUE);
INSERT INTO response (id, description, response_order, question_id, active) VALUES (20, 'Opción 1 de pregunta 19', 1, 19, TRUE);
INSERT INTO response (id, description, response_order, question_id, active) VALUES (21, 'Opción 2 de pregunta 19', 2, 19, TRUE);
INSERT INTO response (id, description, response_order, question_id, active) VALUES (22, 'Opción 3 de pregunta 19', 3, 19, TRUE);
INSERT INTO question (id, type, description, question_order, answer, test_id, active) VALUES (20, 'MONOSELECTION', 'Pregunta de tipo monoselection para el test 8', 1, 'Eveniet nesciunt ad consectetur hic voluptate magni.', 8, TRUE);
INSERT INTO response (id, description, response_order, question_id, active) VALUES (23, 'Opción 1 de pregunta 20', 1, 20, TRUE);
INSERT INTO response (id, description, response_order, question_id, active) VALUES (24, 'Opción 2 de pregunta 20', 2, 20, TRUE);
INSERT INTO response (id, description, response_order, question_id, active) VALUES (25, 'Opción 3 de pregunta 20', 3, 20, TRUE);
INSERT INTO question (id, type, description, question_order, answer, test_id, active) VALUES (21, 'FREETEXT', 'Pregunta de tipo freetext para el test 9', 1, 'Consequatur dignissimos totam libero.', 9, TRUE);
INSERT INTO question (id, type, description, question_order, answer, test_id, active) VALUES (22, 'FREETEXT', 'Pregunta de tipo freetext para el test 9', 1, 'Doloremque consequatur doloremque fugit non.', 9, TRUE);
INSERT INTO question (id, type, description, question_order, answer, test_id, active) VALUES (23, 'MONOSELECTION', 'Pregunta de tipo monoselection para el test 9', 1, 'Occaecati tempore autem rerum.', 9, TRUE);
INSERT INTO response (id, description, response_order, question_id, active) VALUES (26, 'Opción 1 de pregunta 23', 1, 23, TRUE);
INSERT INTO response (id, description, response_order, question_id, active) VALUES (27, 'Opción 2 de pregunta 23', 2, 23, TRUE);
INSERT INTO response (id, description, response_order, question_id, active) VALUES (28, 'Opción 3 de pregunta 23', 3, 23, TRUE);
INSERT INTO question (id, type, description, question_order, answer, test_id, active) VALUES (24, 'CODE', 'Pregunta de tipo code para el test 10', 1, 'Nisi laudantium est vero nam cum soluta.', 10, TRUE);
INSERT INTO question (id, type, description, question_order, answer, test_id, active) VALUES (25, 'CODE', 'Pregunta de tipo code para el test 10', 1, 'Molestias provident aspernatur consequuntur illo deleniti et.', 10, TRUE);
INSERT INTO question (id, type, description, question_order, answer, test_id, active) VALUES (26, 'CODE', 'Pregunta de tipo code para el test 10', 1, 'Fugit animi alias quas vitae.', 10, TRUE);
INSERT INTO question (id, type, description, question_order, answer, test_id, active) VALUES (27, 'CODE', 'Pregunta de tipo code para el test 11', 1, 'Sint pariatur optio dolorem exercitationem cum.', 11, TRUE);
INSERT INTO question (id, type, description, question_order, answer, test_id, active) VALUES (28, 'MONOSELECTION', 'Pregunta de tipo monoselection para el test 11', 1, 'Explicabo molestiae quasi.', 11, TRUE);
INSERT INTO response (id, description, response_order, question_id, active) VALUES (29, 'Opción 1 de pregunta 28', 1, 28, TRUE);
INSERT INTO response (id, description, response_order, question_id, active) VALUES (30, 'Opción 2 de pregunta 28', 2, 28, TRUE);
INSERT INTO response (id, description, response_order, question_id, active) VALUES (31, 'Opción 3 de pregunta 28', 3, 28, TRUE);
INSERT INTO question (id, type, description, question_order, answer, test_id, active) VALUES (29, 'MONOSELECTION', 'Pregunta de tipo monoselection para el test 11', 1, 'Explicabo laudantium aperiam dolores.', 11, TRUE);
INSERT INTO response (id, description, response_order, question_id, active) VALUES (32, 'Opción 1 de pregunta 29', 1, 29, TRUE);
INSERT INTO response (id, description, response_order, question_id, active) VALUES (33, 'Opción 2 de pregunta 29', 2, 29, TRUE);
INSERT INTO response (id, description, response_order, question_id, active) VALUES (34, 'Opción 3 de pregunta 29', 3, 29, TRUE);
INSERT INTO question (id, type, description, question_order, answer, test_id, active) VALUES (30, 'MONOSELECTION', 'Pregunta de tipo monoselection para el test 12', 1, 'Dolorem omnis architecto.', 12, TRUE);
INSERT INTO response (id, description, response_order, question_id, active) VALUES (35, 'Opción 1 de pregunta 30', 1, 30, TRUE);
INSERT INTO response (id, description, response_order, question_id, active) VALUES (36, 'Opción 2 de pregunta 30', 2, 30, TRUE);
INSERT INTO response (id, description, response_order, question_id, active) VALUES (37, 'Opción 3 de pregunta 30', 3, 30, TRUE);
INSERT INTO question (id, type, description, question_order, answer, test_id, active) VALUES (31, 'CODE', 'Pregunta de tipo code para el test 12', 1, 'Exercitationem optio consequatur ullam.', 12, TRUE);
INSERT INTO question (id, type, description, question_order, answer, test_id, active) VALUES (32, 'CODE', 'Pregunta de tipo code para el test 12', 1, 'Ipsa facere debitis eveniet voluptates quibusdam fugit.', 12, TRUE);
INSERT INTO question (id, type, description, question_order, answer, test_id, active) VALUES (33, 'CODE', 'Pregunta de tipo code para el test 13', 1, 'Tempora modi rem voluptatem provident quis.', 13, TRUE);
INSERT INTO question (id, type, description, question_order, answer, test_id, active) VALUES (34, 'CODE', 'Pregunta de tipo code para el test 13', 1, 'Ullam illum hic a consequuntur sit maiores.', 13, TRUE);
INSERT INTO question (id, type, description, question_order, answer, test_id, active) VALUES (35, 'FREETEXT', 'Pregunta de tipo freetext para el test 13', 1, 'Aspernatur dolores repudiandae debitis.', 13, TRUE);
INSERT INTO question (id, type, description, question_order, answer, test_id, active) VALUES (36, 'CODE', 'Pregunta de tipo code para el test 14', 1, 'Vero tempore quia.', 14, TRUE);
INSERT INTO question (id, type, description, question_order, answer, test_id, active) VALUES (37, 'FREETEXT', 'Pregunta de tipo freetext para el test 14', 1, 'Cumque aspernatur unde nisi nulla itaque corrupti.', 14, TRUE);
INSERT INTO question (id, type, description, question_order, answer, test_id, active) VALUES (38, 'MONOSELECTION', 'Pregunta de tipo monoselection para el test 14', 1, 'Aliquam excepturi qui fugiat numquam suscipit libero facere.', 14, TRUE);
INSERT INTO response (id, description, response_order, question_id, active) VALUES (38, 'Opción 1 de pregunta 38', 1, 38, TRUE);
INSERT INTO response (id, description, response_order, question_id, active) VALUES (39, 'Opción 2 de pregunta 38', 2, 38, TRUE);
INSERT INTO response (id, description, response_order, question_id, active) VALUES (40, 'Opción 3 de pregunta 38', 3, 38, TRUE);
INSERT INTO question (id, type, description, question_order, answer, test_id, active) VALUES (39, 'MONOSELECTION', 'Pregunta de tipo monoselection para el test 15', 1, 'Itaque magni cum quidem.', 15, TRUE);
INSERT INTO response (id, description, response_order, question_id, active) VALUES (41, 'Opción 1 de pregunta 39', 1, 39, TRUE);
INSERT INTO response (id, description, response_order, question_id, active) VALUES (42, 'Opción 2 de pregunta 39', 2, 39, TRUE);
INSERT INTO response (id, description, response_order, question_id, active) VALUES (43, 'Opción 3 de pregunta 39', 3, 39, TRUE);
INSERT INTO question (id, type, description, question_order, answer, test_id, active) VALUES (40, 'FREETEXT', 'Pregunta de tipo freetext para el test 15', 1, 'Earum laudantium hic est tempore mollitia.', 15, TRUE);
INSERT INTO question (id, type, description, question_order, answer, test_id, active) VALUES (41, 'CODE', 'Pregunta de tipo code para el test 15', 1, 'Quo necessitatibus ea.', 15, TRUE);
INSERT INTO question (id, type, description, question_order, answer, test_id, active) VALUES (42, 'FREETEXT', 'Pregunta de tipo freetext para el test 16', 1, 'Iste quam illo.', 16, TRUE);
INSERT INTO question (id, type, description, question_order, answer, test_id, active) VALUES (43, 'MONOSELECTION', 'Pregunta de tipo monoselection para el test 16', 1, 'Amet earum voluptatum ducimus perspiciatis praesentium ut.', 16, TRUE);
INSERT INTO response (id, description, response_order, question_id, active) VALUES (44, 'Opción 1 de pregunta 43', 1, 43, TRUE);
INSERT INTO response (id, description, response_order, question_id, active) VALUES (45, 'Opción 2 de pregunta 43', 2, 43, TRUE);
INSERT INTO response (id, description, response_order, question_id, active) VALUES (46, 'Opción 3 de pregunta 43', 3, 43, TRUE);
INSERT INTO question (id, type, description, question_order, answer, test_id, active) VALUES (44, 'MONOSELECTION', 'Pregunta de tipo monoselection para el test 16', 1, 'Quis maiores harum rerum dolorum.', 16, TRUE);
INSERT INTO response (id, description, response_order, question_id, active) VALUES (47, 'Opción 1 de pregunta 44', 1, 44, TRUE);
INSERT INTO response (id, description, response_order, question_id, active) VALUES (48, 'Opción 2 de pregunta 44', 2, 44, TRUE);
INSERT INTO response (id, description, response_order, question_id, active) VALUES (49, 'Opción 3 de pregunta 44', 3, 44, TRUE);
INSERT INTO question (id, type, description, question_order, answer, test_id, active) VALUES (45, 'FREETEXT', 'Pregunta de tipo freetext para el test 17', 1, 'Necessitatibus eveniet voluptas unde.', 17, TRUE);
INSERT INTO question (id, type, description, question_order, answer, test_id, active) VALUES (46, 'MONOSELECTION', 'Pregunta de tipo monoselection para el test 17', 1, 'Perferendis minus soluta cum sint corrupti sed reprehenderit.', 17, TRUE);
INSERT INTO response (id, description, response_order, question_id, active) VALUES (50, 'Opción 1 de pregunta 46', 1, 46, TRUE);
INSERT INTO response (id, description, response_order, question_id, active) VALUES (51, 'Opción 2 de pregunta 46', 2, 46, TRUE);
INSERT INTO response (id, description, response_order, question_id, active) VALUES (52, 'Opción 3 de pregunta 46', 3, 46, TRUE);
INSERT INTO question (id, type, description, question_order, answer, test_id, active) VALUES (47, 'MONOSELECTION', 'Pregunta de tipo monoselection para el test 17', 1, 'Repellendus natus veritatis facilis numquam eum quos nobis.', 17, TRUE);
INSERT INTO response (id, description, response_order, question_id, active) VALUES (53, 'Opción 1 de pregunta 47', 1, 47, TRUE);
INSERT INTO response (id, description, response_order, question_id, active) VALUES (54, 'Opción 2 de pregunta 47', 2, 47, TRUE);
INSERT INTO response (id, description, response_order, question_id, active) VALUES (55, 'Opción 3 de pregunta 47', 3, 47, TRUE);
INSERT INTO question (id, type, description, question_order, answer, test_id, active) VALUES (48, 'FREETEXT', 'Pregunta de tipo freetext para el test 18', 1, 'A consequuntur aliquam commodi.', 18, TRUE);
INSERT INTO question (id, type, description, question_order, answer, test_id, active) VALUES (49, 'MONOSELECTION', 'Pregunta de tipo monoselection para el test 18', 1, 'Veniam laboriosam veniam.', 18, TRUE);
INSERT INTO response (id, description, response_order, question_id, active) VALUES (56, 'Opción 1 de pregunta 49', 1, 49, TRUE);
INSERT INTO response (id, description, response_order, question_id, active) VALUES (57, 'Opción 2 de pregunta 49', 2, 49, TRUE);
INSERT INTO response (id, description, response_order, question_id, active) VALUES (58, 'Opción 3 de pregunta 49', 3, 49, TRUE);
INSERT INTO question (id, type, description, question_order, answer, test_id, active) VALUES (50, 'CODE', 'Pregunta de tipo code para el test 18', 1, 'Quibusdam deleniti molestias incidunt veniam.', 18, TRUE);
INSERT INTO question (id, type, description, question_order, answer, test_id, active) VALUES (51, 'MONOSELECTION', 'Pregunta de tipo monoselection para el test 19', 1, 'Minus aperiam odit neque.', 19, TRUE);
INSERT INTO response (id, description, response_order, question_id, active) VALUES (59, 'Opción 1 de pregunta 51', 1, 51, TRUE);
INSERT INTO response (id, description, response_order, question_id, active) VALUES (60, 'Opción 2 de pregunta 51', 2, 51, TRUE);
INSERT INTO response (id, description, response_order, question_id, active) VALUES (61, 'Opción 3 de pregunta 51', 3, 51, TRUE);
INSERT INTO question (id, type, description, question_order, answer, test_id, active) VALUES (52, 'FREETEXT', 'Pregunta de tipo freetext para el test 19', 1, 'Odio molestiae harum ipsa est accusamus quod.', 19, TRUE);
INSERT INTO question (id, type, description, question_order, answer, test_id, active) VALUES (53, 'FREETEXT', 'Pregunta de tipo freetext para el test 19', 1, 'Veniam modi mollitia voluptatibus deleniti.', 19, TRUE);
INSERT INTO question (id, type, description, question_order, answer, test_id, active) VALUES (54, 'CODE', 'Pregunta de tipo code para el test 20', 1, 'Recusandae sapiente quibusdam culpa optio unde.', 20, TRUE);
INSERT INTO question (id, type, description, question_order, answer, test_id, active) VALUES (55, 'FREETEXT', 'Pregunta de tipo freetext para el test 20', 1, 'Fugit iure alias totam odio reiciendis quis.', 20, TRUE);
INSERT INTO question (id, type, description, question_order, answer, test_id, active) VALUES (56, 'MONOSELECTION', 'Pregunta de tipo monoselection para el test 20', 1, 'Facere voluptatem culpa.', 20, TRUE);
INSERT INTO response (id, description, response_order, question_id, active) VALUES (62, 'Opción 1 de pregunta 56', 1, 56, TRUE);
INSERT INTO response (id, description, response_order, question_id, active) VALUES (63, 'Opción 2 de pregunta 56', 2, 56, TRUE);
INSERT INTO response (id, description, response_order, question_id, active) VALUES (64, 'Opción 3 de pregunta 56', 3, 56, TRUE);
INSERT INTO question (id, type, description, question_order, answer, test_id, active) VALUES (57, 'FREETEXT', 'Pregunta de tipo freetext para el test 21', 1, 'Occaecati occaecati libero quasi dolorum.', 21, TRUE);
INSERT INTO question (id, type, description, question_order, answer, test_id, active) VALUES (58, 'FREETEXT', 'Pregunta de tipo freetext para el test 21', 1, 'Earum velit unde aspernatur ipsum.', 21, TRUE);
INSERT INTO question (id, type, description, question_order, answer, test_id, active) VALUES (59, 'CODE', 'Pregunta de tipo code para el test 21', 1, 'Sint tempora repellat aut deleniti ipsam aperiam.', 21, TRUE);
INSERT INTO question (id, type, description, question_order, answer, test_id, active) VALUES (60, 'FREETEXT', 'Pregunta de tipo freetext para el test 22', 1, 'Odio velit dolorum sunt quo non.', 22, TRUE);
INSERT INTO question (id, type, description, question_order, answer, test_id, active) VALUES (61, 'MONOSELECTION', 'Pregunta de tipo monoselection para el test 22', 1, 'Esse laudantium quis dicta.', 22, TRUE);
INSERT INTO response (id, description, response_order, question_id, active) VALUES (65, 'Opción 1 de pregunta 61', 1, 61, TRUE);
INSERT INTO response (id, description, response_order, question_id, active) VALUES (66, 'Opción 2 de pregunta 61', 2, 61, TRUE);
INSERT INTO response (id, description, response_order, question_id, active) VALUES (67, 'Opción 3 de pregunta 61', 3, 61, TRUE);
INSERT INTO question (id, type, description, question_order, answer, test_id, active) VALUES (62, 'FREETEXT', 'Pregunta de tipo freetext para el test 22', 1, 'Harum quod numquam harum sunt alias.', 22, TRUE);
INSERT INTO user_subject (id, user_id, subject_id) VALUES (12, 7, 1);
INSERT INTO user_subject (id, user_id, subject_id) VALUES (13, 11, 1);
INSERT INTO user_subject (id, user_id, subject_id) VALUES (14, 11, 3);
INSERT INTO user_subject (id, user_id, subject_id) VALUES (15, 8, 1);
INSERT INTO user_subject (id, user_id, subject_id) VALUES (16, 9, 3);
INSERT INTO user_subject (id, user_id, subject_id) VALUES (17, 7, 5);
INSERT INTO user_subject (id, user_id, subject_id) VALUES (18, 8, 2);
INSERT INTO user_subject (id, user_id, subject_id) VALUES (19, 6, 2);
INSERT INTO user_subject (id, user_id, subject_id) VALUES (20, 7, 1);
INSERT INTO user_subject (id, user_id, subject_id) VALUES (21, 10, 3);
INSERT INTO user_subject (id, user_id, subject_id) VALUES (22, 6, 5);
INSERT INTO user_subject (id, user_id, subject_id) VALUES (23, 9, 2);
INSERT INTO user_subject (id, user_id, subject_id) VALUES (24, 8, 4);
INSERT INTO user_subject (id, user_id, subject_id) VALUES (25, 7, 4);
INSERT INTO user_subject (id, user_id, subject_id) VALUES (26, 11, 3);
INSERT INTO user_subject (id, user_id, subject_id) VALUES (27, 8, 1);
INSERT INTO user_subject (id, user_id, subject_id) VALUES (28, 9, 3);
INSERT INTO user_subject (id, user_id, subject_id) VALUES (29, 11, 4);
INSERT INTO user_subject (id, user_id, subject_id) VALUES (30, 10, 3);
INSERT INTO user_subject (id, user_id, subject_id) VALUES (31, 14, 3);
INSERT INTO user_subject (id, user_id, subject_id) VALUES (32, 8, 5);
INSERT INTO user_subject (id, user_id, subject_id) VALUES (33, 7, 1);
INSERT INTO user_subject (id, user_id, subject_id) VALUES (34, 14, 5);
INSERT INTO user_subject (id, user_id, subject_id) VALUES (35, 10, 2);
INSERT INTO user_subject (id, user_id, subject_id) VALUES (36, 12, 2);
INSERT INTO user_subject (id, user_id, subject_id) VALUES (37, 8, 2);
INSERT INTO user_subject (id, user_id, subject_id) VALUES (38, 11, 5);
INSERT INTO user_subject (id, user_id, subject_id) VALUES (39, 9, 2);
INSERT INTO user_subject (id, user_id, subject_id) VALUES (40, 8, 3);
INSERT INTO user_subject (id, user_id, subject_id) VALUES (41, 11, 4);

INSERT INTO test_execution (id, test_id, user_id, date, start_time, finish_time, result, notes, active) VALUES (3, 7, 6, '2025-01-03', '2025-01-03 12:54:53', '2025-01-03 13:16:53', 63.63, 'Ejecución generada automáticamente', TRUE);
INSERT INTO test_execution_response (id, test_execution_id, question_id, answer, correct, notes, active) VALUES (3, 3, 17, 'Rerum consectetur quae eveniet ad labore.', TRUE, 'Respuesta generada', TRUE);
INSERT INTO test_execution_response (id, test_execution_id, question_id, answer, correct, notes, active) VALUES (4, 3, 15, 'Consequatur aspernatur sint facere architecto quaerat perferendis.', FALSE, 'Respuesta generada', TRUE);
INSERT INTO test_execution (id, test_id, user_id, date, start_time, finish_time, result, notes, active) VALUES (4, 20, 10, '2025-01-05', '2025-01-05 18:52:28', '2025-01-05 20:05:28', 84.45, 'Ejecución generada automáticamente', TRUE);
INSERT INTO test_execution_response (id, test_execution_id, question_id, answer, correct, notes, active) VALUES (5, 4, 54, 'Et sapiente veritatis.', FALSE, 'Respuesta generada', TRUE);
INSERT INTO test_execution_response (id, test_execution_id, question_id, answer, correct, notes, active) VALUES (6, 4, 55, 'Et temporibus voluptates.', FALSE, 'Respuesta generada', TRUE);
INSERT INTO test_execution (id, test_id, user_id, date, start_time, finish_time, result, notes, active) VALUES (5, 10, 7, '2025-04-29', '2025-04-29 19:41:48', '2025-04-29 20:57:48', 77.97, 'Ejecución generada automáticamente', TRUE);
INSERT INTO test_execution_response (id, test_execution_id, question_id, answer, correct, notes, active) VALUES (7, 5, 26, 'Illo consequuntur corporis sint maiores.', FALSE, 'Respuesta generada', TRUE);
INSERT INTO test_execution_response (id, test_execution_id, question_id, answer, correct, notes, active) VALUES (8, 5, 24, 'Commodi consequatur laboriosam odit.', FALSE, 'Respuesta generada', TRUE);
INSERT INTO test_execution (id, test_id, user_id, date, start_time, finish_time, result, notes, active) VALUES (6, 16, 6, '2025-04-29', '2025-04-29 13:31:02', '2025-04-29 14:32:02', 66.48, 'Ejecución generada automáticamente', TRUE);
INSERT INTO test_execution_response (id, test_execution_id, question_id, answer, correct, notes, active) VALUES (9, 6, 43, 'Quas maxime reprehenderit.', FALSE, 'Respuesta generada', TRUE);
INSERT INTO test_execution_response (id, test_execution_id, question_id, answer, correct, notes, active) VALUES (10, 6, 44, 'Harum debitis reiciendis repellat aspernatur cupiditate eaque reiciendis.', TRUE, 'Respuesta generada', TRUE);
INSERT INTO test_execution (id, test_id, user_id, date, start_time, finish_time, result, notes, active) VALUES (7, 6, 8, '2024-11-11', '2024-11-11 04:29:18', '2024-11-11 05:24:18', 46.73, 'Ejecución generada automáticamente', TRUE);
INSERT INTO test_execution_response (id, test_execution_id, question_id, answer, correct, notes, active) VALUES (11, 7, 14, 'Quos maxime itaque tenetur quidem.', FALSE, 'Respuesta generada', TRUE);
INSERT INTO test_execution_response (id, test_execution_id, question_id, answer, correct, notes, active) VALUES (12, 7, 12, 'Mollitia aliquam nesciunt odit alias quidem repellendus.', FALSE, 'Respuesta generada', TRUE);
INSERT INTO test_execution (id, test_id, user_id, date, start_time, finish_time, result, notes, active) VALUES (8, 16, 8, '2024-08-03', '2024-08-03 15:38:48', '2024-08-03 16:53:48', 50.48, 'Ejecución generada automáticamente', TRUE);
INSERT INTO test_execution_response (id, test_execution_id, question_id, answer, correct, notes, active) VALUES (13, 8, 43, 'Officiis itaque dolores itaque cum.', TRUE, 'Respuesta generada', TRUE);
INSERT INTO test_execution_response (id, test_execution_id, question_id, answer, correct, notes, active) VALUES (14, 8, 44, 'Totam consequatur quo animi aspernatur maxime.', FALSE, 'Respuesta generada', TRUE);
INSERT INTO test_execution (id, test_id, user_id, date, start_time, finish_time, result, notes, active) VALUES (9, 5, 13, '2024-07-07', '2024-07-07 18:49:00', '2024-07-07 20:10:00', 85.3, 'Ejecución generada automáticamente', TRUE);
INSERT INTO test_execution_response (id, test_execution_id, question_id, answer, correct, notes, active) VALUES (15, 9, 10, 'Aut non necessitatibus excepturi.', FALSE, 'Respuesta generada', TRUE);
INSERT INTO test_execution_response (id, test_execution_id, question_id, answer, correct, notes, active) VALUES (16, 9, 9, 'Maiores voluptates similique blanditiis et ad.', FALSE, 'Respuesta generada', TRUE);
INSERT INTO test_execution (id, test_id, user_id, date, start_time, finish_time, result, notes, active) VALUES (10, 9, 6, '2025-04-17', '2025-04-17 18:57:39', '2025-04-17 19:55:39', 46.87, 'Ejecución generada automáticamente', TRUE);
INSERT INTO test_execution_response (id, test_execution_id, question_id, answer, correct, notes, active) VALUES (17, 10, 23, 'Accusantium suscipit deserunt impedit.', TRUE, 'Respuesta generada', TRUE);
INSERT INTO test_execution_response (id, test_execution_id, question_id, answer, correct, notes, active) VALUES (18, 10, 22, 'Praesentium reiciendis tenetur nobis.', FALSE, 'Respuesta generada', TRUE);
INSERT INTO test_execution (id, test_id, user_id, date, start_time, finish_time, result, notes, active) VALUES (11, 5, 13, '2025-05-11', '2025-05-11 08:40:57', '2025-05-11 10:03:57', 85.61, 'Ejecución generada automáticamente', TRUE);
INSERT INTO test_execution_response (id, test_execution_id, question_id, answer, correct, notes, active) VALUES (19, 11, 9, 'Facere saepe aspernatur amet.', FALSE, 'Respuesta generada', TRUE);
INSERT INTO test_execution_response (id, test_execution_id, question_id, answer, correct, notes, active) VALUES (20, 11, 10, 'Nobis nulla ducimus est sed iste.', TRUE, 'Respuesta generada', TRUE);
INSERT INTO test_execution (id, test_id, user_id, date, start_time, finish_time, result, notes, active) VALUES (12, 11, 7, '2024-09-14', '2024-09-14 23:48:54', '2024-09-15 00:13:54', 40.02, 'Ejecución generada automáticamente', TRUE);
INSERT INTO test_execution_response (id, test_execution_id, question_id, answer, correct, notes, active) VALUES (21, 12, 28, 'Iste eaque veniam.', FALSE, 'Respuesta generada', TRUE);
INSERT INTO test_execution_response (id, test_execution_id, question_id, answer, correct, notes, active) VALUES (22, 12, 29, 'Facere commodi expedita debitis.', TRUE, 'Respuesta generada', TRUE);
INSERT INTO test_execution (id, test_id, user_id, date, start_time, finish_time, result, notes, active) VALUES (13, 14, 10, '2025-03-03', '2025-03-03 01:32:54', '2025-03-03 02:28:54', 92.28, 'Ejecución generada automáticamente', TRUE);
INSERT INTO test_execution_response (id, test_execution_id, question_id, answer, correct, notes, active) VALUES (23, 13, 38, 'Eum ratione quia.', TRUE, 'Respuesta generada', TRUE);
INSERT INTO test_execution_response (id, test_execution_id, question_id, answer, correct, notes, active) VALUES (24, 13, 36, 'Labore similique modi illo quos unde adipisci.', TRUE, 'Respuesta generada', TRUE);
INSERT INTO test_execution (id, test_id, user_id, date, start_time, finish_time, result, notes, active) VALUES (14, 11, 7, '2025-01-23', '2025-01-23 04:05:38', '2025-01-23 05:04:38', 72.02, 'Ejecución generada automáticamente', TRUE);
INSERT INTO test_execution_response (id, test_execution_id, question_id, answer, correct, notes, active) VALUES (25, 14, 27, 'Saepe aspernatur facere atque.', TRUE, 'Respuesta generada', TRUE);
INSERT INTO test_execution_response (id, test_execution_id, question_id, answer, correct, notes, active) VALUES (26, 14, 29, 'Culpa maxime rem.', TRUE, 'Respuesta generada', TRUE);
INSERT INTO test_execution (id, test_id, user_id, date, start_time, finish_time, result, notes, active) VALUES (15, 12, 12, '2024-07-21', '2024-07-21 02:55:13', '2024-07-21 03:51:13', 71.19, 'Ejecución generada automáticamente', TRUE);
INSERT INTO test_execution_response (id, test_execution_id, question_id, answer, correct, notes, active) VALUES (27, 15, 32, 'Fugiat culpa molestias.', TRUE, 'Respuesta generada', TRUE);
INSERT INTO test_execution_response (id, test_execution_id, question_id, answer, correct, notes, active) VALUES (28, 15, 30, 'Cum quod culpa perspiciatis.', FALSE, 'Respuesta generada', TRUE);
INSERT INTO test_execution (id, test_id, user_id, date, start_time, finish_time, result, notes, active) VALUES (16, 15, 14, '2025-06-13', '2025-06-13 03:47:25', '2025-06-13 04:42:25', 57.54, 'Ejecución generada automáticamente', TRUE);
INSERT INTO test_execution_response (id, test_execution_id, question_id, answer, correct, notes, active) VALUES (29, 16, 40, 'Eveniet ad vero numquam id dolorem odio eveniet.', TRUE, 'Respuesta generada', TRUE);
INSERT INTO test_execution_response (id, test_execution_id, question_id, answer, correct, notes, active) VALUES (30, 16, 39, 'Explicabo cum in facilis natus.', TRUE, 'Respuesta generada', TRUE);
INSERT INTO test_execution (id, test_id, user_id, date, start_time, finish_time, result, notes, active) VALUES (17, 15, 7, '2024-12-03', '2024-12-03 22:25:05', '2024-12-03 23:36:05', 75.46, 'Ejecución generada automáticamente', TRUE);
INSERT INTO test_execution_response (id, test_execution_id, question_id, answer, correct, notes, active) VALUES (31, 17, 39, 'Quo cum nesciunt porro quaerat cupiditate corrupti.', FALSE, 'Respuesta generada', TRUE);
INSERT INTO test_execution_response (id, test_execution_id, question_id, answer, correct, notes, active) VALUES (32, 17, 40, 'Reprehenderit magni alias.', FALSE, 'Respuesta generada', TRUE);
INSERT INTO test_execution (id, test_id, user_id, date, start_time, finish_time, result, notes, active) VALUES (18, 9, 12, '2025-05-04', '2025-05-04 15:09:35', '2025-05-04 16:30:35', 69.33, 'Ejecución generada automáticamente', TRUE);
INSERT INTO test_execution_response (id, test_execution_id, question_id, answer, correct, notes, active) VALUES (33, 18, 23, 'Nemo corporis corrupti ratione.', FALSE, 'Respuesta generada', TRUE);
INSERT INTO test_execution_response (id, test_execution_id, question_id, answer, correct, notes, active) VALUES (34, 18, 22, 'In necessitatibus placeat.', TRUE, 'Respuesta generada', TRUE);
INSERT INTO test_execution (id, test_id, user_id, date, start_time, finish_time, result, notes, active) VALUES (19, 12, 13, '2025-04-09', '2025-04-09 00:47:47', '2025-04-09 01:25:47', 84.71, 'Ejecución generada automáticamente', TRUE);
INSERT INTO test_execution_response (id, test_execution_id, question_id, answer, correct, notes, active) VALUES (35, 19, 30, 'Ullam facilis dolor id consectetur.', TRUE, 'Respuesta generada', TRUE);
INSERT INTO test_execution_response (id, test_execution_id, question_id, answer, correct, notes, active) VALUES (36, 19, 32, 'Omnis vitae inventore ipsa iusto dolore hic.', FALSE, 'Respuesta generada', TRUE);
INSERT INTO test_execution (id, test_id, user_id, date, start_time, finish_time, result, notes, active) VALUES (20, 15, 13, '2025-03-14', '2025-03-14 10:11:11', '2025-03-14 10:32:11', 90.77, 'Ejecución generada automáticamente', TRUE);
INSERT INTO test_execution_response (id, test_execution_id, question_id, answer, correct, notes, active) VALUES (37, 20, 39, 'Id neque saepe voluptatum suscipit fuga accusantium.', FALSE, 'Respuesta generada', TRUE);
INSERT INTO test_execution_response (id, test_execution_id, question_id, answer, correct, notes, active) VALUES (38, 20, 41, 'Quod soluta eius nostrum sint hic numquam modi.', TRUE, 'Respuesta generada', TRUE);
INSERT INTO test_execution (id, test_id, user_id, date, start_time, finish_time, result, notes, active) VALUES (21, 4, 11, '2025-06-02', '2025-06-02 22:20:34', '2025-06-02 22:54:34', 77.25, 'Ejecución generada automáticamente', TRUE);
INSERT INTO test_execution_response (id, test_execution_id, question_id, answer, correct, notes, active) VALUES (39, 21, 7, 'Corporis hic quisquam.', TRUE, 'Respuesta generada', TRUE);
INSERT INTO test_execution_response (id, test_execution_id, question_id, answer, correct, notes, active) VALUES (40, 21, 8, 'Inventore autem itaque iure cumque labore.', TRUE, 'Respuesta generada', TRUE);
INSERT INTO test_execution (id, test_id, user_id, date, start_time, finish_time, result, notes, active) VALUES (22, 12, 15, '2024-09-06', '2024-09-06 13:57:27', '2024-09-06 14:41:27', 46.33, 'Ejecución generada automáticamente', TRUE);
INSERT INTO test_execution_response (id, test_execution_id, question_id, answer, correct, notes, active) VALUES (41, 22, 31, 'Ullam sint quis beatae fuga consequuntur facere labore.', FALSE, 'Respuesta generada', TRUE);
INSERT INTO test_execution_response (id, test_execution_id, question_id, answer, correct, notes, active) VALUES (42, 22, 32, 'Quidem deserunt vero debitis nesciunt eos odio.', TRUE, 'Respuesta generada', TRUE);
INSERT INTO test_execution (id, test_id, user_id, date, start_time, finish_time, result, notes, active) VALUES (23, 16, 11, '2024-10-27', '2024-10-27 21:13:44', '2024-10-27 22:28:44', 48.88, 'Ejecución generada automáticamente', TRUE);
INSERT INTO test_execution_response (id, test_execution_id, question_id, answer, correct, notes, active) VALUES (43, 23, 44, 'Inventore placeat eaque quas expedita consequatur nostrum.', FALSE, 'Respuesta generada', TRUE);
INSERT INTO test_execution_response (id, test_execution_id, question_id, answer, correct, notes, active) VALUES (44, 23, 42, 'Adipisci nemo iure odit.', TRUE, 'Respuesta generada', TRUE);
INSERT INTO test_execution (id, test_id, user_id, date, start_time, finish_time, result, notes, active) VALUES (24, 8, 9, '2025-04-07', '2025-04-07 09:55:58', '2025-04-07 11:11:58', 60.95, 'Ejecución generada automáticamente', TRUE);
INSERT INTO test_execution_response (id, test_execution_id, question_id, answer, correct, notes, active) VALUES (45, 24, 19, 'Quod molestias mollitia cumque.', FALSE, 'Respuesta generada', TRUE);
INSERT INTO test_execution_response (id, test_execution_id, question_id, answer, correct, notes, active) VALUES (46, 24, 20, 'Cum adipisci consequatur laudantium tempore.', FALSE, 'Respuesta generada', TRUE);
INSERT INTO test_execution (id, test_id, user_id, date, start_time, finish_time, result, notes, active) VALUES (25, 9, 9, '2025-03-05', '2025-03-05 21:55:56', '2025-03-05 23:11:56', 96.4, 'Ejecución generada automáticamente', TRUE);
INSERT INTO test_execution_response (id, test_execution_id, question_id, answer, correct, notes, active) VALUES (47, 25, 23, 'Quaerat excepturi blanditiis vitae sequi.', FALSE, 'Respuesta generada', TRUE);
INSERT INTO test_execution_response (id, test_execution_id, question_id, answer, correct, notes, active) VALUES (48, 25, 21, 'Quo ea culpa occaecati voluptas modi.', TRUE, 'Respuesta generada', TRUE);
INSERT INTO test_execution (id, test_id, user_id, date, start_time, finish_time, result, notes, active) VALUES (26, 5, 9, '2024-08-31', '2024-08-31 23:28:16', '2024-09-01 00:11:16', 61.82, 'Ejecución generada automáticamente', TRUE);
INSERT INTO test_execution_response (id, test_execution_id, question_id, answer, correct, notes, active) VALUES (49, 26, 11, 'Voluptates quia esse sunt voluptatibus expedita.', TRUE, 'Respuesta generada', TRUE);
INSERT INTO test_execution_response (id, test_execution_id, question_id, answer, correct, notes, active) VALUES (50, 26, 9, 'Maiores vitae voluptatum repellat placeat culpa a.', FALSE, 'Respuesta generada', TRUE);
INSERT INTO test_execution (id, test_id, user_id, date, start_time, finish_time, result, notes, active) VALUES (27, 5, 15, '2025-02-23', '2025-02-23 02:04:26', '2025-02-23 03:29:26', 85.09, 'Ejecución generada automáticamente', TRUE);
INSERT INTO test_execution_response (id, test_execution_id, question_id, answer, correct, notes, active) VALUES (51, 27, 10, 'Autem quod praesentium nisi nobis maiores eaque.', FALSE, 'Respuesta generada', TRUE);
INSERT INTO test_execution_response (id, test_execution_id, question_id, answer, correct, notes, active) VALUES (52, 27, 11, 'Cumque assumenda alias blanditiis facere quam et perspiciatis.', TRUE, 'Respuesta generada', TRUE);
INSERT INTO test_execution (id, test_id, user_id, date, start_time, finish_time, result, notes, active) VALUES (28, 20, 14, '2024-11-27', '2024-11-27 04:05:37', '2024-11-27 05:20:37', 74.86, 'Ejecución generada automáticamente', TRUE);
INSERT INTO test_execution_response (id, test_execution_id, question_id, answer, correct, notes, active) VALUES (53, 28, 55, 'Possimus pariatur repellat dolorem culpa mollitia tempora quos.', FALSE, 'Respuesta generada', TRUE);
INSERT INTO test_execution_response (id, test_execution_id, question_id, answer, correct, notes, active) VALUES (54, 28, 56, 'Ullam cumque repudiandae sed soluta maxime non.', TRUE, 'Respuesta generada', TRUE);
INSERT INTO test_execution (id, test_id, user_id, date, start_time, finish_time, result, notes, active) VALUES (29, 11, 11, '2024-09-25', '2024-09-25 15:21:35', '2024-09-25 15:46:35', 42.63, 'Ejecución generada automáticamente', TRUE);
INSERT INTO test_execution_response (id, test_execution_id, question_id, answer, correct, notes, active) VALUES (55, 29, 27, 'Provident illo accusantium consequatur harum suscipit.', TRUE, 'Respuesta generada', TRUE);
INSERT INTO test_execution_response (id, test_execution_id, question_id, answer, correct, notes, active) VALUES (56, 29, 28, 'Amet fugiat rem officia illo doloremque sit.', FALSE, 'Respuesta generada', TRUE);
INSERT INTO test_execution (id, test_id, user_id, date, start_time, finish_time, result, notes, active) VALUES (30, 7, 6, '2024-07-22', '2024-07-22 00:22:40', '2024-07-22 00:50:40', 87.2, 'Ejecución generada automáticamente', TRUE);
INSERT INTO test_execution_response (id, test_execution_id, question_id, answer, correct, notes, active) VALUES (57, 30, 17, 'Nulla eaque magni mollitia hic eaque dolorem.', FALSE, 'Respuesta generada', TRUE);
INSERT INTO test_execution_response (id, test_execution_id, question_id, answer, correct, notes, active) VALUES (58, 30, 15, 'Cum sequi rerum corporis architecto architecto.', TRUE, 'Respuesta generada', TRUE);
INSERT INTO test_execution (id, test_id, user_id, date, start_time, finish_time, result, notes, active) VALUES (31, 9, 13, '2024-12-06', '2024-12-06 13:10:59', '2024-12-06 14:13:59', 76.5, 'Ejecución generada automáticamente', TRUE);
INSERT INTO test_execution_response (id, test_execution_id, question_id, answer, correct, notes, active) VALUES (59, 31, 23, 'Veritatis nam eaque dolorem beatae consequuntur repellat.', FALSE, 'Respuesta generada', TRUE);
INSERT INTO test_execution_response (id, test_execution_id, question_id, answer, correct, notes, active) VALUES (60, 31, 21, 'Omnis animi pariatur nesciunt.', FALSE, 'Respuesta generada', TRUE);
INSERT INTO test_execution (id, test_id, user_id, date, start_time, finish_time, result, notes, active) VALUES (32, 17, 14, '2024-09-21', '2024-09-21 22:03:53', '2024-09-21 23:04:53', 55.33, 'Ejecución generada automáticamente', TRUE);
INSERT INTO test_execution_response (id, test_execution_id, question_id, answer, correct, notes, active) VALUES (61, 32, 47, 'Alias illo praesentium.', TRUE, 'Respuesta generada', TRUE);
INSERT INTO test_execution_response (id, test_execution_id, question_id, answer, correct, notes, active) VALUES (62, 32, 45, 'Laudantium porro ut nam soluta exercitationem atque a.', FALSE, 'Respuesta generada', TRUE);
INSERT INTO test_execution (id, test_id, user_id, date, start_time, finish_time, result, notes, active) VALUES (33, 9, 7, '2024-10-02', '2024-10-02 20:25:01', '2024-10-02 21:52:01', 60.74, 'Ejecución generada automáticamente', TRUE);
INSERT INTO test_execution_response (id, test_execution_id, question_id, answer, correct, notes, active) VALUES (63, 33, 21, 'Saepe est dolore libero veniam magni exercitationem.', FALSE, 'Respuesta generada', TRUE);
INSERT INTO test_execution_response (id, test_execution_id, question_id, answer, correct, notes, active) VALUES (64, 33, 22, 'Esse in qui vitae.', FALSE, 'Respuesta generada', TRUE);
INSERT INTO test_execution (id, test_id, user_id, date, start_time, finish_time, result, notes, active) VALUES (34, 15, 14, '2025-06-06', '2025-06-06 02:29:04', '2025-06-06 03:21:04', 68.93, 'Ejecución generada automáticamente', TRUE);
INSERT INTO test_execution_response (id, test_execution_id, question_id, answer, correct, notes, active) VALUES (65, 34, 41, 'Doloremque vel quia laboriosam.', TRUE, 'Respuesta generada', TRUE);
INSERT INTO test_execution_response (id, test_execution_id, question_id, answer, correct, notes, active) VALUES (66, 34, 39, 'Eligendi nostrum rerum blanditiis explicabo sit.', FALSE, 'Respuesta generada', TRUE);
INSERT INTO test_execution (id, test_id, user_id, date, start_time, finish_time, result, notes, active) VALUES (35, 5, 14, '2024-10-03', '2024-10-03 15:01:57', '2024-10-03 15:22:57', 67.66, 'Ejecución generada automáticamente', TRUE);
INSERT INTO test_execution_response (id, test_execution_id, question_id, answer, correct, notes, active) VALUES (67, 35, 11, 'Odio facere eius voluptate quisquam quaerat.', TRUE, 'Respuesta generada', TRUE);
INSERT INTO test_execution_response (id, test_execution_id, question_id, answer, correct, notes, active) VALUES (68, 35, 10, 'Sint laboriosam eos ipsum exercitationem.', FALSE, 'Respuesta generada', TRUE);
INSERT INTO test_execution (id, test_id, user_id, date, start_time, finish_time, result, notes, active) VALUES (36, 17, 13, '2024-10-09', '2024-10-09 09:45:59', '2024-10-09 11:01:59', 47.09, 'Ejecución generada automáticamente', TRUE);
INSERT INTO test_execution_response (id, test_execution_id, question_id, answer, correct, notes, active) VALUES (69, 36, 45, 'Ut excepturi dolorem perspiciatis.', TRUE, 'Respuesta generada', TRUE);
INSERT INTO test_execution_response (id, test_execution_id, question_id, answer, correct, notes, active) VALUES (70, 36, 47, 'Iure iure vel voluptatum repudiandae dolore.', TRUE, 'Respuesta generada', TRUE);
INSERT INTO test_execution (id, test_id, user_id, date, start_time, finish_time, result, notes, active) VALUES (37, 9, 12, '2024-12-08', '2024-12-08 21:31:09', '2024-12-08 22:47:09', 76.77, 'Ejecución generada automáticamente', TRUE);
INSERT INTO test_execution_response (id, test_execution_id, question_id, answer, correct, notes, active) VALUES (71, 37, 22, 'Est doloremque maxime a iusto hic veniam.', TRUE, 'Respuesta generada', TRUE);
INSERT INTO test_execution_response (id, test_execution_id, question_id, answer, correct, notes, active) VALUES (72, 37, 23, 'Voluptates nemo aliquam atque dicta eveniet.', TRUE, 'Respuesta generada', TRUE);
INSERT INTO test_execution (id, test_id, user_id, date, start_time, finish_time, result, notes, active) VALUES (38, 18, 9, '2024-08-19', '2024-08-19 18:07:41', '2024-08-19 18:55:41', 47.69, 'Ejecución generada automáticamente', TRUE);
INSERT INTO test_execution_response (id, test_execution_id, question_id, answer, correct, notes, active) VALUES (73, 38, 49, 'Reiciendis facilis doloremque aliquam.', FALSE, 'Respuesta generada', TRUE);
INSERT INTO test_execution_response (id, test_execution_id, question_id, answer, correct, notes, active) VALUES (74, 38, 50, 'Modi consectetur reprehenderit non totam aspernatur.', FALSE, 'Respuesta generada', TRUE);
INSERT INTO test_execution (id, test_id, user_id, date, start_time, finish_time, result, notes, active) VALUES (39, 20, 7, '2025-01-03', '2025-01-03 20:09:39', '2025-01-03 21:05:39', 76.6, 'Ejecución generada automáticamente', TRUE);
INSERT INTO test_execution_response (id, test_execution_id, question_id, answer, correct, notes, active) VALUES (75, 39, 54, 'Sed maxime numquam impedit modi.', FALSE, 'Respuesta generada', TRUE);
INSERT INTO test_execution_response (id, test_execution_id, question_id, answer, correct, notes, active) VALUES (76, 39, 55, 'Dolorem impedit labore a distinctio.', FALSE, 'Respuesta generada', TRUE);
INSERT INTO test_execution (id, test_id, user_id, date, start_time, finish_time, result, notes, active) VALUES (40, 11, 14, '2025-04-30', '2025-04-30 01:26:39', '2025-04-30 02:20:39', 53.91, 'Ejecución generada automáticamente', TRUE);
INSERT INTO test_execution_response (id, test_execution_id, question_id, answer, correct, notes, active) VALUES (77, 40, 27, 'Nulla earum nesciunt.', TRUE, 'Respuesta generada', TRUE);
INSERT INTO test_execution_response (id, test_execution_id, question_id, answer, correct, notes, active) VALUES (78, 40, 29, 'Repudiandae perspiciatis odit nisi at veniam.', FALSE, 'Respuesta generada', TRUE);
INSERT INTO test_execution (id, test_id, user_id, date, start_time, finish_time, result, notes, active) VALUES (41, 9, 9, '2025-04-10', '2025-04-10 10:41:34', '2025-04-10 11:37:34', 92.79, 'Ejecución generada automáticamente', TRUE);
INSERT INTO test_execution_response (id, test_execution_id, question_id, answer, correct, notes, active) VALUES (79, 41, 23, 'Earum possimus nulla omnis.', FALSE, 'Respuesta generada', TRUE);
INSERT INTO test_execution_response (id, test_execution_id, question_id, answer, correct, notes, active) VALUES (80, 41, 21, 'Dignissimos voluptate eum in magnam nam.', TRUE, 'Respuesta generada', TRUE);
INSERT INTO test_execution (id, test_id, user_id, date, start_time, finish_time, result, notes, active) VALUES (42, 15, 7, '2025-04-02', '2025-04-02 00:17:03', '2025-04-02 01:11:03', 47.09, 'Ejecución generada automáticamente', TRUE);
INSERT INTO test_execution_response (id, test_execution_id, question_id, answer, correct, notes, active) VALUES (81, 42, 41, 'Commodi tempora iusto iste excepturi impedit fugiat.', TRUE, 'Respuesta generada', TRUE);
INSERT INTO test_execution_response (id, test_execution_id, question_id, answer, correct, notes, active) VALUES (82, 42, 40, 'Magnam reprehenderit sint iste expedita quod illum.', FALSE, 'Respuesta generada', TRUE);
INSERT INTO test_execution (id, test_id, user_id, date, start_time, finish_time, result, notes, active) VALUES (43, 10, 9, '2024-12-27', '2024-12-27 10:12:44', '2024-12-27 10:40:44', 71.09, 'Ejecución generada automáticamente', TRUE);
INSERT INTO test_execution_response (id, test_execution_id, question_id, answer, correct, notes, active) VALUES (83, 43, 26, 'Mollitia vero quod.', TRUE, 'Respuesta generada', TRUE);
INSERT INTO test_execution_response (id, test_execution_id, question_id, answer, correct, notes, active) VALUES (84, 43, 25, 'Inventore ducimus labore dolorem eligendi.', FALSE, 'Respuesta generada', TRUE);
INSERT INTO test_execution (id, test_id, user_id, date, start_time, finish_time, result, notes, active) VALUES (44, 12, 13, '2025-03-17', '2025-03-17 13:01:14', '2025-03-17 13:42:14', 48.24, 'Ejecución generada automáticamente', TRUE);
INSERT INTO test_execution_response (id, test_execution_id, question_id, answer, correct, notes, active) VALUES (85, 44, 30, 'Nobis ut voluptas minima assumenda error maxime.', FALSE, 'Respuesta generada', TRUE);
INSERT INTO test_execution_response (id, test_execution_id, question_id, answer, correct, notes, active) VALUES (86, 44, 31, 'Veniam culpa alias sit.', TRUE, 'Respuesta generada', TRUE);
INSERT INTO test_execution (id, test_id, user_id, date, start_time, finish_time, result, notes, active) VALUES (45, 15, 8, '2025-05-15', '2025-05-15 12:33:33', '2025-05-15 13:12:33', 98.55, 'Ejecución generada automáticamente', TRUE);
INSERT INTO test_execution_response (id, test_execution_id, question_id, answer, correct, notes, active) VALUES (87, 45, 41, 'Quisquam iusto perspiciatis illum.', TRUE, 'Respuesta generada', TRUE);
INSERT INTO test_execution_response (id, test_execution_id, question_id, answer, correct, notes, active) VALUES (88, 45, 39, 'Cumque aliquid veniam quo excepturi.', TRUE, 'Respuesta generada', TRUE);
INSERT INTO test_execution (id, test_id, user_id, date, start_time, finish_time, result, notes, active) VALUES (46, 21, 13, '2025-04-27', '2025-04-27 22:06:21', '2025-04-27 22:53:21', 54.12, 'Ejecución generada automáticamente', TRUE);
INSERT INTO test_execution_response (id, test_execution_id, question_id, answer, correct, notes, active) VALUES (89, 46, 57, 'Deleniti eveniet maxime molestiae sed nesciunt corrupti.', FALSE, 'Respuesta generada', TRUE);
INSERT INTO test_execution_response (id, test_execution_id, question_id, answer, correct, notes, active) VALUES (90, 46, 59, 'Laudantium optio ut nisi adipisci laborum nobis et.', FALSE, 'Respuesta generada', TRUE);
INSERT INTO test_execution (id, test_id, user_id, date, start_time, finish_time, result, notes, active) VALUES (47, 21, 15, '2025-04-16', '2025-04-16 18:14:00', '2025-04-16 18:50:00', 77.74, 'Ejecución generada automáticamente', TRUE);
INSERT INTO test_execution_response (id, test_execution_id, question_id, answer, correct, notes, active) VALUES (91, 47, 57, 'A aperiam doloribus soluta nostrum.', FALSE, 'Respuesta generada', TRUE);
INSERT INTO test_execution_response (id, test_execution_id, question_id, answer, correct, notes, active) VALUES (92, 47, 59, 'Similique quidem incidunt officia.', FALSE, 'Respuesta generada', TRUE);
INSERT INTO test_execution (id, test_id, user_id, date, start_time, finish_time, result, notes, active) VALUES (48, 12, 13, '2024-10-26', '2024-10-26 01:15:15', '2024-10-26 01:36:15', 97.52, 'Ejecución generada automáticamente', TRUE);
INSERT INTO test_execution_response (id, test_execution_id, question_id, answer, correct, notes, active) VALUES (93, 48, 32, 'Laudantium deleniti fuga sapiente quaerat hic.', FALSE, 'Respuesta generada', TRUE);
INSERT INTO test_execution_response (id, test_execution_id, question_id, answer, correct, notes, active) VALUES (94, 48, 30, 'Sapiente iusto corporis quidem quibusdam veritatis.', FALSE, 'Respuesta generada', TRUE);
INSERT INTO test_execution (id, test_id, user_id, date, start_time, finish_time, result, notes, active) VALUES (49, 13, 14, '2024-12-06', '2024-12-06 20:45:05', '2024-12-06 21:15:05', 55.55, 'Ejecución generada automáticamente', TRUE);
INSERT INTO test_execution_response (id, test_execution_id, question_id, answer, correct, notes, active) VALUES (95, 49, 35, 'Provident distinctio facilis aliquid illo assumenda impedit.', TRUE, 'Respuesta generada', TRUE);
INSERT INTO test_execution_response (id, test_execution_id, question_id, answer, correct, notes, active) VALUES (96, 49, 34, 'Soluta illum distinctio a voluptatum consequatur officia.', FALSE, 'Respuesta generada', TRUE);
INSERT INTO test_execution (id, test_id, user_id, date, start_time, finish_time, result, notes, active) VALUES (50, 15, 10, '2025-01-13', '2025-01-13 00:18:04', '2025-01-13 00:45:04', 52.52, 'Ejecución generada automáticamente', TRUE);
INSERT INTO test_execution_response (id, test_execution_id, question_id, answer, correct, notes, active) VALUES (97, 50, 40, 'Fugit modi aspernatur voluptas laudantium.', FALSE, 'Respuesta generada', TRUE);
INSERT INTO test_execution_response (id, test_execution_id, question_id, answer, correct, notes, active) VALUES (98, 50, 39, 'Dignissimos nulla facere.', FALSE, 'Respuesta generada', TRUE);
INSERT INTO test_execution (id, test_id, user_id, date, start_time, finish_time, result, notes, active) VALUES (51, 11, 9, '2024-08-08', '2024-08-08 08:08:49', '2024-08-08 09:12:49', 80.3, 'Ejecución generada automáticamente', TRUE);
INSERT INTO test_execution_response (id, test_execution_id, question_id, answer, correct, notes, active) VALUES (99, 51, 28, 'Quisquam dolores voluptas.', FALSE, 'Respuesta generada', TRUE);
INSERT INTO test_execution_response (id, test_execution_id, question_id, answer, correct, notes, active) VALUES (100, 51, 27, 'Nesciunt vero facilis.', TRUE, 'Respuesta generada', TRUE);
INSERT INTO test_execution (id, test_id, user_id, date, start_time, finish_time, result, notes, active) VALUES (52, 14, 8, '2025-01-03', '2025-01-03 17:00:18', '2025-01-03 17:22:18', 69.47, 'Ejecución generada automáticamente', TRUE);
INSERT INTO test_execution_response (id, test_execution_id, question_id, answer, correct, notes, active) VALUES (101, 52, 36, 'Beatae ipsum soluta voluptatem fugit.', TRUE, 'Respuesta generada', TRUE);
INSERT INTO test_execution_response (id, test_execution_id, question_id, answer, correct, notes, active) VALUES (102, 52, 38, 'Unde dolorem nihil vel aliquid et nesciunt.', TRUE, 'Respuesta generada', TRUE);
